{
  "items": [
    {
      "id": "COC-01",
      "game": "部落衝突",
      "title": "17本｜5工人｜高寶石帳號",
      "desc": "高本數帳號，配置完整，可改綁。",
      "price": 580,
      "tags": [
        "17本",
        "高寶石"
      ],
      "images": [
        "assets/images/coc1.jpg"
      ]
    },
    {
      "id": "BS-01",
      "game": "荒野亂鬥",
      "title": "高戰力英雄帳號",
      "desc": "擁有稀有造型與滿級角色。",
      "price": 460,
      "tags": [
        "滿級",
        "造型多"
      ],
      "images": [
        "assets/images/bs1.jpg"
      ]
    },
    {
      "id": "CR-01",
      "game": "皇室戰爭",
      "title": "多傳奇卡帳號",
      "desc": "高獎盃數帳號，含多張傳奇卡。",
      "price": 530,
      "tags": [
        "傳奇卡",
        "高獎盃"
      ],
      "images": [
        "assets/images/cr1.jpg"
      ]
    },
    {
      "id": "OT-01",
      "game": "其他遊戲",
      "title": "隨機海外帳號包",
      "desc": "包含多款熱門遊戲帳號。",
      "price": 300,
      "tags": [
        "海外服",
        "多遊戲"
      ],
      "images": [
        "assets/images/other1.jpg"
      ]
    }
  ]
}